id, latitude, longitude, elevation, type, name, du, no, latd, latm, lond, lonm, unknown1, unknown2, unknown3, year, unknown4, unknown5, unknown6, provenance
'WAR',47.3,306.0,16,0,'ARGENTIA','',71807,47,18,54,0,31.35,17.04,'1110',1949,1,'---TW',4,'~afsisio/data/constants/mcanstn'
'WDI',48.9666666,303.9333334,105,0,'BADGER','',71400,48,58,56,4,30.74,17.33,'1110',1971,1,'NVRTW',4,'~afsisio/data/constants/mcanstn'
'WVA',48.6666666,306.8833334,27,0,'BONAVISTA','',71196,48,40,53,7,31.32,17.5,'1110',1959,1,'',4,'~afsisio/data/constants/mcanstn'
'WBF',47.6166666,302.3833334,12,0,'BURGEO','',71194,47,37,57,37,30.61,16.81,'1110',1966,1,'',4,'~afsisio/data/constants/mcanstn'
'WRA',46.65,306.9333334,28,0,'CAPE RACE','',71800,46,39,53,4,31.62,16.94,'1110',1977,1,'--RTW',4,'~afsisio/data/constants/mcanstn'
'WCA',53.7,302.9666667,14,0,'CARTWRIGHT','',71818,53,42,57,2,29.99,18.58,'0110',1963,1,'',4,'~afsisio/data/constants/mcanstn'
'ZUM',53.5666666,295.9,440,0,'CHURCHILL FALLS','',71182,53,34,64,6,28.81,18.12,'1110',1968,1,'',4,'~afsisio/data/constants/mcanstn'
'WDH',50.2333333,302.4166667,20,0,'DANIELS HARBOUR','',71185,50,14,57,35,30.3,17.57,'1110',1949,1,'',4,'~afsisio/data/constants/mcanstn'
'YDF',49.2166666,302.6166667,22,0,'DEER LAKE','',71809,49,13,57,23,30.46,17.29,'0110',1965,1,'',4,'~afsisio/data/constants/mcanstn'
'YQX',48.95,305.4333334,151,0,'GANDER INTL','',71803,48,57,54,34,31.02,17.45,'0110',1949,1,'',4,'~afsisio/data/constants/mcanstn'
'YYR',53.3166666,299.5666667,49,0,'GOOSE','',71816,53,19,60,26,29.46,18.25,'0110',1949,1,'',4,'~afsisio/data/constants/mcanstn'
'WHO',55.45,299.7833334,12,0,'HOPEDALE','',71900,55,27,60,13,29.28,18.87,'1110',1949,1,'---TW',4,'~afsisio/data/constants/mcanstn'
'YMH',52.3,304.1666667,9,0,'MARY''S HARBOUR','',71817,52,18,55,50,30.36,18.28,'0100',1982,1,'',4,'~afsisio/data/constants/mcanstn'
'WZB',47.5666666,300.8333334,40,0,'PORT AUX BASQUES','',71197,47,34,59,10,30.31,16.68,'0110',1966,1,'',4,'~afsisio/data/constants/mcanstn'
'WAX',51.3666666,304.3666667,111,0,'ST-ANTHONY','',71819,51,22,55,38,30.51,18.04,'0100',1966,1,'',4,'~afsisio/data/constants/mcanstn'
'YYT',47.6166666,307.25,140,0,'ST-JOHN''S','',71801,47,37,52,45,31.54,17.24,'0110',1949,1,'',4,'~afsisio/data/constants/mcanstn'
'WDS',46.9166666,304.6166667,49,0,'ST-LAWRENCE','',71802,46,55,55,23,31.13,16.8,'0201',1966,1,'',4,'~afsisio/data/constants/mcanstn'
'YJT',48.55,301.45,26,0,'STEPHENVILLE','',71815,48,33,58,33,30.32,17.01,'0110',1949,1,'',4,'~afsisio/data/constants/mcanstn'
'WAH',45.85,295.7333334,23,0,'AMHERST','',71410,45,51,64,16,29.43,15.82,'1110',1976,2,'NVRTW',4,'~afsisio/data/constants/mcanstn'
'YCL',47.9833333,293.6666667,38,0,'CHARLO','',71711,47,59,66,20,28.83,16.36,'0110',1966,2,'',4,'~afsisio/data/constants/mcanstn'
'YYG',46.2833333,296.8833334,54,0,'CHARLOTTETOWN','',71706,46,17,63,7,29.63,16.02,'0110',1949,2,'',4,'~afsisio/data/constants/mcanstn'
'YCH',47.0,294.55,34,0,'MIRAMICHI','WCQ',71717,47,0,65,27,29.09,16.1,'0010',1949,2,'',4,'~afsisio/data/constants/mcanstn'
'WEP',46.45,298.0333334,13,0,'EAST POINT','',71412,46,27,61,58,29.86,16.15,'1110',1978,2,'-VRTW',4,'~afsisio/data/constants/mcanstn'
'NED',45.5166666,298.75,66,0,'EDDY POINT','',0,45,31,61,15,30.1,15.92,'1111',1971,2,'',4,'~afsisio/data/constants/mcanstn'
'YFC',45.8666666,293.4666667,20,0,'FREDERICTON','',71700,45,52,66,32,28.95,15.7,'0110',1951,2,'',4,'~afsisio/data/constants/mcanstn'
'YZX',44.9833333,295.0833334,28,0,'GREENWOOD','',71397,44,59,64,55,29.36,15.52,'0010',1949,2,'',4,'~afsisio/data/constants/mcanstn'
'YHZ',44.8833333,296.4833334,145,0,'HALIFAX INTL.A.','',71395,44,53,63,31,29.68,15.57,'0010',1953,2,'',4,'~afsisio/data/constants/mcanstn'
'NIN',46.2333333,298.7,39,0,'INVERNESS','',0,46,14,61,18,30.02,16.13,'1111',1971,2,'NVRTW',4,'~afsisio/data/constants/mcanstn'
'WMI',48.0166666,295.5,5,0,'MISCOU ISLAND','',71719,48,1,64,30,29.2,16.46,'1110',1976,2,'-VRTW',4,'~afsisio/data/constants/mcanstn'
'YQM',46.1166666,295.3166667,71,0,'MONCTON','',71705,46,7,64,41,29.32,15.88,'0110',1949,2,'',4,'~afsisio/data/constants/mcanstn'
'WSA',43.9333333,299.9833334,4,0,'SABLE ISLAND','',71600,43,56,60,1,30.53,15.53,'1110',1949,2,'',4,'~afsisio/data/constants/mcanstn'
'YSJ',45.3166666,294.1166667,109,0,'SAINT JOHN','',71609,45,19,65,53,29.13,15.56,'0110',1952,2,'',4,'~afsisio/data/constants/mcanstn'
'WSS',45.2,292.75,28,0,'ST STEPHEN','',71607,45,12,67,15,28.84,15.46,'1110',1976,2,'--RTW',4,'~afsisio/data/constants/mcanstn'
'YAW',44.6333333,296.5,51,0,'SHEARWATER','',71601,44,38,63,30,29.7,15.5,'2010',1949,2,'',4,'~afsisio/data/constants/mcanstn'
'NOS',43.7166666,294.75,30,0,'SHELBURNE','',0,43,43,65,15,29.4,15.1,'0101',1972,2,'',4,'~afsisio/data/constants/mcanstn'
'YSU',46.4333333,296.1833334,24,0,'SUMMERSIDE','WSD',71702,46,26,63,49,29.47,16.02,'2010',1949,2,'',4,'~afsisio/data/constants/mcanstn'
'YQY',46.1666666,299.95,62,0,'SYDNEY','',71707,46,10,60,3,30.28,16.2,'0100',1949,2,'',4,'~afsisio/data/constants/mcanstn'
'WUR',45.3666666,296.7333334,40,0,'TRURO','',71398,45,22,63,16,29.69,15.73,'1110',1960,2,'--RTW',4,'~afsisio/data/constants/mcanstn'
'YQI',43.8333333,293.9166667,43,0,'YARMOUTH','',71603,43,50,66,5,29.2,15.09,'0110',1949,2,'',4,'~afsisio/data/constants/mcanstn'
'YBG',48.3166666,289.0166667,159,0,'BAGOTVILLE','',71727,48,19,70,59,27.86,16.27,'0110',1949,3,'',5,'~afsisio/data/constants/mcanstn'
'YBC',49.1166666,291.8,22,0,'BAIE COMEAU','',71187,49,7,68,12,28.38,16.62,'2110',1965,3,'',5,'~afsisio/data/constants/mcanstn'
'YBX',51.45,302.8166667,36,0,'BLANC SABLON','',71808,51,27,57,11,30.23,17.94,'2100',1969,3,'',4,'~afsisio/data/constants/mcanstn'
'WTB',55.3333333,296.7833334,465,0,'BORDER','',71901,55,20,63,13,28.81,18.68,'1110',1966,3,'--RTW',4,'~afsisio/data/constants/mcanstn'
'WDM',50.4666666,300.3666667,12,0,'CHEVERY','',71814,50,28,59,38,29.9,17.49,'1110',1981,3,'NVRTW',4,'~afsisio/data/constants/mcanstn'
'YMT',49.7666666,285.4666667,387,0,'CHIBOUGAMAU CHAPAIS','',71822,49,46,74,32,27.09,16.62,'1110',1960,3,'',5,'~afsisio/data/constants/mcanstn'
'QGA',51.95,291.8666667,566,0,'GAGNON','',0,51,57,68,8,28.21,17.47,'0001',1965,3,'',5,'~afsisio/data/constants/mcanstn'
'YGP',48.7833333,295.5166667,33,0,'GASPE','',71188,48,47,64,29,29.14,16.69,'0110',1965,3,'',5,'~afsisio/data/constants/mcanstn'
'YGR',47.4166666,298.2166667,10,0,'ILES DE LA MADELEINE','',71709,47,25,61,47,29.8,16.45,'0300',1949,3,'',5,'~afsisio/data/constants/mcanstn'
'YPH',58.45,281.8833334,6,0,'INUKJUAK','',71907,58,27,78,7,26.29,19.19,'1110',1949,3,'',5,'~afsisio/data/constants/mcanstn'
'YVP',58.0833333,291.5833334,37,0,'KUUJJUAQ','',71906,58,5,68,25,27.79,19.26,'0110',1949,3,'',5,'~afsisio/data/constants/mcanstn'
'YGW',55.2833333,282.2333334,18,0,'KUUJJUARAPIK','',71905,55,17,77,46,26.38,18.25,'0110',1949,3,'',5,'~afsisio/data/constants/mcanstn'
'WEO',51.85,296.7166667,561,0,'LAC EON','',71421,51,51,63,17,29.1,17.67,'1110',1980,3,'--RTW',4,'~afsisio/data/constants/mcanstn'
'YGL',53.6333333,282.3,195,0,'LA GRANDE RIVIERE','',71827,53,38,77,42,26.41,17.76,'0110',1976,3,'',5,'~afsisio/data/constants/mcanstn'
'WMJ',46.3833333,284.0333334,170,0,'MANIWAKI','',71721,46,23,75,58,26.88,15.55,'1110',1953,3,'',5,'~afsisio/data/constants/mcanstn'
'YNM',49.7666666,282.1833334,281,0,'MATAGAMI','',71821,49,46,77,49,26.44,16.58,'1300',1973,3,'',5,'~afsisio/data/constants/mcanstn'
'YMX',45.6833333,285.9666667,82,0,'MIRABEL','',71626,45,41,74,2,27.32,15.36,'0010',1975,3,'',5,'~afsisio/data/constants/mcanstn'
'YYY',48.6166666,291.7833334,52,0,'MONT-JOLI','',71718,48,37,68,13,28.41,16.46,'0110',1949,3,'',5,'~afsisio/data/constants/mcanstn'
'YUL',45.4666666,286.25,36,0,'MONTREAL (DORVAL)','',71627,45,28,73,45,27.39,15.3,'0110',1949,3,'',5,'~afsisio/data/constants/mcanstn'
'YNA',50.1833333,298.2166667,11,0,'NATASHQUAN','',71813,50,11,61,47,29.53,17.27,'2100',1949,3,'',4,'~afsisio/data/constants/mcanstn'
'QNI',53.2,289.1,536,0,'NITCHEQUON','',0,53,12,70,54,27.64,17.75,'1111',1949,3,'',5,'~afsisio/data/constants/mcanstn'
'WPK',47.9166666,285.3833334,442,0,'PARENT','',71726,47,55,74,37,27.13,16.05,'1110',1949,3,'NVRTW',5,'~afsisio/data/constants/mcanstn'
'WBY',49.8333333,295.7,47,0,'PORT MENIER','',71810,49,50,64,18,29.09,17.02,'1110',1949,3,'NVRTW',5,'~afsisio/data/constants/mcanstn'
'YHA',61.05,290.3666667,30,0,'QUAQTAQ','',71904,61,3,69,38,27.45,20.08,'0000',1971,3,'',5,'~afsisio/data/constants/mcanstn'
'YQB',46.8,288.6,73,0,'QUEBEC','',71714,46,48,71,24,27.85,15.78,'0112',1949,3,'',5,'~afsisio/data/constants/mcanstn'
'WNH',47.8,290.45,149,0,'RIVIERE DU LOUP','',71715,47,48,69,33,28.18,16.16,'1110',1965,3,'NVRTW',5,'~afsisio/data/constants/mcanstn'
'YRJ',48.5166666,287.75,179,0,'ROBERVAL','',71728,48,31,72,15,27.59,16.29,'0110',1957,3,'',5,'~afsisio/data/constants/mcanstn'
'YUY',48.2,281.1666667,301,0,'ROUYN','WUY',71734,48,12,78,50,26.24,16.09,'2110',1975,3,'',5,'~afsisio/data/constants/mcanstn'
'QOH',46.05,285.7166667,395,0,'STE AGATHE DES MONTS','',0,46,3,74,17,27.25,15.47,'0111',1966,3,'',5,'~afsisio/data/constants/mcanstn'
'YHU',45.5166666,286.5833334,27,0,'ST HUBERT','',71371,45,31,73,25,27.46,15.32,'2110',1949,3,'',5,'~afsisio/data/constants/mcanstn'
'YKL',54.8,293.2,522,0,'SCHEFFERVILLE','ZKL',71828,54,48,66,48,28.26,18.36,'1110',1949,3,'',5,'~afsisio/data/constants/mcanstn'
'YZV',50.2166666,293.7333334,55,0,'SEPT-ILES','',71811,50,13,66,16,28.68,17.03,'0110',1949,3,'',5,'~afsisio/data/constants/mcanstn'
'YSC',45.4333333,288.3166667,241,0,'SHERBROOKE','',71610,45,26,71,41,27.85,15.35,'2110',1962,3,'',5,'~afsisio/data/constants/mcanstn'
'QXF',45.15,287.4166667,237,0,'SUTTON JUNCTION','',0,45,9,72,35,27.66,15.23,'1111',1971,3,'N-RTW',5,'~afsisio/data/constants/mcanstn'
'WTY',46.3833333,287.3833334,50,0,'TROIS-RIVIERES','',71724,46,23,72,37,27.6,15.62,'1110',1949,3,'',5,'~afsisio/data/constants/mcanstn'
'YVO',48.05,282.2333334,337,0,'VAL D''OR','',71725,48,3,77,46,26.46,16.05,'0110',1951,3,'',5,'~afsisio/data/constants/mcanstn'
'YWK',52.9333333,293.1333334,551,0,'WABUSH LAKE','',71825,52,56,66,52,28.38,17.81,'0110',1960,3,'',5,'~afsisio/data/constants/mcanstn'
'YYW',50.3,270.9666667,344,0,'ARMSTRONG','',71841,50,18,89,2,24.23,16.87,'1110',1949,4,'-VRTW',5,'~afsisio/data/constants/mcanstn'
'WCH',48.7666666,268.3666667,393,0,'ATIKOKAN','',71747,48,46,91,38,23.63,16.5,'1010',1966,4,'',6,'~afsisio/data/constants/mcanstn'
'WCU',44.3833333,280.2166667,295,0,'BARRIE','',71436,44,23,79,47,26.05,14.88,'1110',1980,4,'NVRTW',5,'~afsisio/data/constants/mcanstn'
'YTL',53.8333333,270.1333334,222,0,'BIG TROUT LAKE','',71848,53,50,89,52,24.25,17.96,'1110',1949,4,'',5,'~afsisio/data/constants/mcanstn'
'WBI',45.8,279.4666667,190,0,'BRITT','',71632,45,48,80,32,25.88,15.33,'1110',1976,4,'NVRTW',5,'~afsisio/data/constants/mcanstn'
'WCI',47.3333333,274.1666667,187,0,'CARIBOU ISLAND','',71433,47,20,85,50,24.76,15.88,'1110',1979,4,'--RTW',5,'~afsisio/data/constants/mcanstn'
'WNC',43.95,281.8333334,78,0,'COBOURG','',71431,43,57,78,10,26.42,14.75,'1110',1972,4,'--RTW',5,'~afsisio/data/constants/mcanstn'
'YXR',47.6833333,280.1666667,243,0,'EARLTON','',71735,47,41,79,50,26.03,15.93,'0300',1949,4,'',5,'~afsisio/data/constants/mcanstn'
'YGQ',49.7666666,273.0666667,348,0,'GERALDTON','',71834,49,46,86,56,24.62,16.66,'0110',1967,4,'',5,'~afsisio/data/constants/mcanstn'
'WGD',43.7666666,278.2833334,213,0,'GODERICH','',71261,43,46,81,43,25.6,14.69,'1110',1980,4,'--RTW',5,'~afsisio/data/constants/mcanstn'
'YZE',45.8833333,277.4333334,193,0,'GORE BAY','',71733,45,53,82,34,25.43,15.37,'1110',1949,4,'',5,'~afsisio/data/constants/mcanstn'
'YHM',43.1666666,280.0833334,237,0,'HAMILTON','',71263,43,10,79,55,26.02,14.49,'0000',1959,4,'',5,'~afsisio/data/constants/mcanstn'
'YYU',49.4166666,277.5333334,227,0,'KAPUSKASING','',71831,49,25,82,28,25.5,16.47,'0110',1949,4,'',5,'~afsisio/data/constants/mcanstn'
'YQK',49.7833333,265.65,411,0,'KENORA','',71850,49,47,94,21,23.17,16.94,'0110',1949,4,'',6,'~afsisio/data/constants/mcanstn'
'YGK',44.2333333,283.4,93,0,'KINGSTON','',71620,44,14,76,36,26.78,14.85,'0310',1967,4,'--RTW',5,'~afsisio/data/constants/mcanstn'
'WLF',52.1833333,272.2,255,0,'LANSDOWNE HOUSE','',71846,52,11,87,48,24.55,17.41,'1010',1949,4,'',5,'~afsisio/data/constants/mcanstn'
'YXU',43.0333333,278.85,278,0,'LONDON','',71623,43,2,81,9,25.73,14.45,'2110',1949,4,'',5,'~afsisio/data/constants/mcanstn'
'YMO',51.2666666,279.35,10,0,'MOOSONEE','',71836,51,16,80,39,25.88,17.03,'1110',1949,4,'',5,'~afsisio/data/constants/mcanstn'
'WLS',43.9833333,279.25,415,0,'MOUNT FOREST','',71631,43,59,80,45,25.83,14.75,'1110',1962,4,'NVRTW',5,'~afsisio/data/constants/mcanstn'
'YQA',44.9666666,280.7,282,0,'MUSKOKA','',71630,44,58,79,18,26.16,15.07,'0300',1949,4,'',5,'~afsisio/data/constants/mcanstn'
'WNZ',49.75,275.8333334,263,0,'NAGAGAMI','',71832,49,45,84,10,25.17,16.6,'1110',1977,4,'NVRTW',5,'~afsisio/data/constants/mcanstn'
'YYB',46.35,280.5833334,371,0,'NORTH BAY','',71731,46,21,79,25,26.13,15.51,'0110',1949,4,'',5,'~afsisio/data/constants/mcanstn'
'YOW',45.3166666,284.3333334,114,0,'OTTAWA INTL','',71628,45,19,75,40,26.97,15.21,'0110',1949,4,'',5,'~afsisio/data/constants/mcanstn'
'YWA',45.95,282.6833334,130,0,'PETAWAWA','',71625,45,57,77,19,26.59,15.39,'2100',1969,4,'',5,'~afsisio/data/constants/mcanstn'
'YPQ',44.2166666,281.6333334,191,0,'PETERBOROUGH','',71629,44,13,78,22,26.38,14.84,'2030',1949,4,'',5,'~afsisio/data/constants/mcanstn'
'YPL',51.4666666,269.8,369,0,'PICKLE LAKE','',71845,51,28,90,12,24.07,17.26,'0100',1949,4,'',6,'~afsisio/data/constants/mcanstn'
'WQP',43.8333333,282.85,78,0,'POINT PETRE','',71430,43,50,77,9,26.66,14.72,'1110',1972,4,'-VRTW',5,'~afsisio/data/constants/mcanstn'
'YRL',51.0666666,266.2,383,0,'RED LAKE','',71854,51,4,93,48,23.37,17.29,'0100',1949,4,'',6,'~afsisio/data/constants/mcanstn'
'YSN',43.2,280.8333334,98,0,'STE-CATHERINES','',71262,43,12,79,10,26.2,14.5,'0000',1949,4,'',5,'~afsisio/data/constants/mcanstn'
'YZR',42.9833333,277.7,181,0,'SARNIA','',71634,42,59,82,18,25.45,14.44,'0000',1967,4,'',5,'~afsisio/data/constants/mcanstn'
'YAM',46.4833333,275.4833334,192,0,'SAULT STE-MARIE','',71260,46,29,84,31,25.02,15.58,'0010',1961,4,'',5,'~afsisio/data/constants/mcanstn'
'WSI',42.85,279.7333334,241,0,'SIMCOE','',71527,42,51,80,16,25.94,14.38,'1110',1961,4,'--RTW',5,'~afsisio/data/constants/mcanstn'
'YXL',50.1,268.1,390,0,'SIOUX LOOKOUT','',71842,50,6,91,54,23.67,16.92,'0110',1949,4,'',6,'~afsisio/data/constants/mcanstn'
'YSB',46.6166666,279.2166667,348,0,'SUDBURY','',71730,46,37,80,47,25.83,15.59,'0110',1954,4,'',5,'~afsisio/data/constants/mcanstn'
'YQT',48.3666666,270.6833334,199,0,'THUNDER BAY','',71749,48,22,89,19,24.08,16.29,'0110',1949,4,'',5,'~afsisio/data/constants/mcanstn'
'YTS',48.5666666,278.6166667,295,0,'TIMMINS','',71739,48,34,81,23,25.72,16.2,'0110',1955,4,'',5,'~afsisio/data/constants/mcanstn'
'YTZ',43.6333333,280.6,77,0,'TORONTO ISLAND','',71265,43,38,79,24,26.14,14.64,'1000',1953,4,'',5,'~afsisio/data/constants/mcanstn'
'YYZ',43.6666666,280.3833334,173,0,'TORONTO PEARSON INTL','',71624,43,40,79,37,26.09,14.65,'0110',1949,4,'',5,'~afsisio/data/constants/mcanstn'
'YTR',44.1166666,282.4666667,86,0,'TRENTON','',71621,44,7,77,32,26.57,14.8,'0110',1949,4,'',5,'~afsisio/data/constants/mcanstn'
'WDV',49.0333333,269.5333334,489,0,'UPSALA','',71435,49,2,90,28,23.88,16.54,'1110',1970,4,'NVRTW',6,'~afsisio/data/constants/mcanstn'
'YXZ',47.9666666,275.2166667,287,0,'WAWA','',71738,47,58,84,47,25.0,16.05,'0100',1969,4,'',5,'~afsisio/data/constants/mcanstn'
'YVV',44.75,278.9,222,0,'WIARTON','',71633,44,45,81,6,25.75,15.0,'0110',1949,4,'',5,'~afsisio/data/constants/mcanstn'
'YQG',42.2666666,277.05,190,0,'WINDSOR','',71538,42,16,82,57,25.29,14.21,'0110',1949,4,'',5,'~afsisio/data/constants/mcanstn'
'WWN',54.9833333,274.5666667,13,0,'PEAWANUCK','',71434,54,59,85,26,25.13,18.27,'1110',1956,4,'--RTW',5,'~afsisio/data/constants/mcanstn'
'MBT',51.0333333,264.3333334,258,0,'BISSETT','',0,51,2,95,40,23.02,17.37,'0001',1968,5,'',6,'~afsisio/data/constants/mcanstn'
'YBR',49.9,260.05,409,0,'BRANDON','',71140,49,54,99,57,22.12,17.3,'0110',1949,5,'',6,'~afsisio/data/constants/mcanstn'
'YYQ',58.7333333,265.9333334,29,0,'CHURCHILL','',71913,58,44,94,4,23.88,19.53,'0110',1949,5,'',6,'~afsisio/data/constants/mcanstn'
'YDN',51.1,259.95,305,0,'DAUPHIN','',71855,51,6,100,3,22.22,17.65,'1110',1949,5,'',6,'~afsisio/data/constants/mcanstn'
'YGX',56.3666666,265.3,145,0,'GILLAM','',71912,56,22,94,42,23.61,18.88,'0100',1970,5,'',6,'~afsisio/data/constants/mcanstn'
'YGM',50.6166666,263.0166667,222,0,'GIMLI','',71856,50,37,96,59,22.74,17.32,'1110',1949,5,'',6,'~afsisio/data/constants/mcanstn'
'WJD',53.1833333,260.7333334,223,0,'GRAND RAPIDS','',71858,53,11,99,16,22.57,18.2,'1110',1970,5,'-VRTW',6,'~afsisio/data/constants/mcanstn'
'WGN',49.0333333,262.4333334,251,0,'GRETNA','',71441,49,2,97,34,22.48,16.89,'1110',1970,5,'NVRTW',6,'~afsisio/data/constants/mcanstn'
'MGU',51.6666666,261.2666667,0,0,'GYPSUMVILLE','',0,51,40,98,44,22.52,17.73,'0001',1959,5,'',6,'~afsisio/data/constants/mcanstn'
'YIV',53.85,265.35,237,0,'ISLAND LAKE','',71145,53,51,94,39,23.42,18.15,'0110',1970,5,'',6,'~afsisio/data/constants/mcanstn'
'YQD',53.9666666,258.9,271,0,'LE PAS','',71867,53,58,101,6,22.35,18.53,'0110',1949,5,'',6,'~afsisio/data/constants/mcanstn'
'YYL',56.8666666,258.9166667,357,0,'LYNN LAKE','',71078,56,52,101,5,22.66,19.34,'0110',1952,5,'',6,'~afsisio/data/constants/mcanstn'
'YNE',53.95,262.15,223,0,'NORWAY HOUSE','',71141,53,57,97,51,22.89,18.34,'0110',1974,5,'',6,'~afsisio/data/constants/mcanstn'
'WPO',49.2,261.1,475,0,'PILOT MOUND','',71148,49,12,98,54,22.24,17.02,'1110',1952,5,'--RTW',6,'~afsisio/data/constants/mcanstn'
'YPG',49.9,261.7333334,270,0,'PORTAGE LA PRAIRIE','',71851,49,54,98,16,22.43,17.19,'2110',1952,5,'',6,'~afsisio/data/constants/mcanstn'
'YTH',55.8,262.1333334,218,0,'THOMPSON','',71079,55,48,97,52,23.05,18.86,'0110',1967,5,'',6,'~afsisio/data/constants/mcanstn'
'YWG',49.9166666,262.7666667,239,0,'WINNIPEG INTL','',71852,49,55,97,14,22.63,17.13,'0110',1949,5,'',6,'~afsisio/data/constants/mcanstn'
'WIK',50.3833333,257.3166667,602,0,'BROADVIEW','',71861,50,23,102,41,21.67,17.63,'1110',1949,6,'',6,'~afsisio/data/constants/mcanstn'
'YVT',55.8333333,251.5666667,431,0,'BUFFALO NARROWS','WVT',71077,55,50,108,26,21.43,19.57,'2110',1968,6,'NVRTW',6,'~afsisio/data/constants/mcanstn'
'WWC',58.1833333,256.3,492,0,'COLLINS BAY','',71075,58,11,103,42,22.43,19.86,'1010',1972,6,'',6,'~afsisio/data/constants/mcanstn'
'WFN',57.35,252.8666667,499,0,'CREE LAKE','',71920,57,21,107,8,21.83,19.87,'1100',1960,6,'',6,'~afsisio/data/constants/mcanstn'
'WEH',49.4333333,251.0166667,1080,0,'EASTEND CYPRESS','',71131,49,26,108,59,20.41,17.91,'1110',1976,6,'NVRTW',7,'~afsisio/data/constants/mcanstn'
'WOK',51.1333333,253.4166667,595,0,'ELBOW','',71450,51,8,106,35,21.07,18.15,'1110',1949,6,'NVRTW',6,'~afsisio/data/constants/mcanstn'
'YEN',49.2166666,257.0333334,572,0,'ESTEVAN','',71862,49,13,102,58,21.47,17.32,'0110',1949,6,'',6,'~afsisio/data/constants/mcanstn'
'YKY',51.5166666,250.8166667,694,0,'KINDERSLEY','',71129,51,31,109,11,20.69,18.49,'0110',1949,6,'',7,'~afsisio/data/constants/mcanstn'
'YVC',55.15,254.75,379,0,'LA RONGE','',71922,55,9,105,15,21.81,19.13,'0110',1966,6,'',6,'~afsisio/data/constants/mcanstn'
'YLJ',54.1333333,251.4833334,480,0,'MEADOW LAKE','',71125,54,8,108,31,21.18,19.13,'0100',1959,6,'',6,'~afsisio/data/constants/mcanstn'
'YMJ',50.3333333,254.4333334,577,0,'MOOSE JAW','',71864,50,20,105,34,21.14,17.85,'0110',1949,6,'',6,'~afsisio/data/constants/mcanstn'
'YBU',53.3333333,256.0,374,0,'NIPAWIN','WBU',71130,53,20,104,0,21.79,18.55,'0110',1949,6,'--RTW',6,'~afsisio/data/constants/mcanstn'
'YQW',52.7666666,251.75,548,0,'NORTH BATTLEFORD','',71876,52,46,108,15,21.02,18.74,'0110',1949,6,'',6,'~afsisio/data/constants/mcanstn'
'YPA',53.2,254.3333334,428,0,'PRINCE ALBERT','',71869,53,12,105,40,21.51,18.65,'0110',1949,6,'',6,'~afsisio/data/constants/mcanstn'
'YQR',50.4333333,255.35,577,0,'REGINA','',71863,50,26,104,39,21.32,17.8,'0110',1949,6,'',6,'~afsisio/data/constants/mcanstn'
'WKO',49.1666666,254.0166667,917,0,'ROCKGLEN','',71135,49,10,105,59,20.91,17.56,'1110',1970,6,'NVRTW',6,'~afsisio/data/constants/mcanstn'
'YXE',52.1666666,253.3,504,0,'SASKATOON','',71866,52,10,106,42,21.2,18.45,'0110',1949,6,'',6,'~afsisio/data/constants/mcanstn'
'YYN',50.3,252.3166667,818,0,'SWIFT CURRENT','',71870,50,18,107,41,20.75,18.02,'0110',1949,6,'',6,'~afsisio/data/constants/mcanstn'
'WDC',59.5666666,251.5166667,318,0,'URANIUM CITY','',71076,59,34,108,29,21.95,20.54,'1110',1962,6,'',7,'~afsisio/data/constants/mcanstn'
'WOY',51.7666666,255.8,561,0,'WYNYARD','WYO',71865,51,46,104,12,21.57,18.14,'2110',1964,6,'',6,'~afsisio/data/constants/mcanstn'
'YQV',51.25,257.55,498,0,'YORKTON','',71138,51,15,102,27,21.81,17.86,'0110',1949,6,'',6,'~afsisio/data/constants/mcanstn'
'WZG',51.1833333,244.4333334,1384,0,'BANFF','',71122,51,11,115,34,19.61,19.06,'2110',1949,7,'NVRTW',7,'~afsisio/data/constants/mcanstn'
'YYC',51.1166666,245.9833334,1084,0,'CALGARY INTL','',71877,51,7,114,1,19.84,18.87,'0110',1949,7,'',7,'~afsisio/data/constants/mcanstn'
'YOD',54.4,249.7333334,541,0,'COLD LAKE','',71120,54,24,110,16,20.95,19.35,'0110',1952,7,'',7,'~afsisio/data/constants/mcanstn'
'WCT',52.0666666,248.55,791,0,'CORONATION','YCT',71873,52,4,111,27,20.41,18.86,'2010',1949,7,'NVRTW',7,'~afsisio/data/constants/mcanstn'
'YEG',53.3,246.4333334,723,0,'EDMONTON INTL A.','',71123,53,18,113,34,20.28,19.38,'0110',1959,7,'',7,'~afsisio/data/constants/mcanstn'
'YXD',53.5666666,246.4833334,671,0,'EDMONTON MUNICIPAL A','',71879,53,34,113,31,20.33,19.44,'1110',1949,7,'',7,'~afsisio/data/constants/mcanstn'
'YET',53.5833333,243.5333334,925,0,'EDSON','',71881,53,35,116,28,19.9,19.75,'1110',1949,7,'',7,'~afsisio/data/constants/mcanstn'
'YPY',58.7666666,248.8833334,232,0,'FORT CHIPEWYAN','',71933,58,46,111,7,21.49,20.53,'1910',1962,7,'',7,'~afsisio/data/constants/mcanstn'
'YMM',56.65,248.7833334,369,0,'FORT MCMURRAY','',71932,56,39,111,13,21.16,20.01,'0110',1949,7,'',7,'~afsisio/data/constants/mcanstn'
'YQU',55.1666666,241.1166667,669,0,'GRANDE PRAIRIE','',71940,55,10,118,53,19.86,20.38,'0100',1949,7,'',7,'~afsisio/data/constants/mcanstn'
'YOJ',58.6166666,242.8333334,338,0,'HIGH LEVEL','',71066,58,37,117,10,20.7,21.01,'0110',1962,7,'',7,'~afsisio/data/constants/mcanstn'
'WJW',52.8833333,241.9333334,1061,0,'JASPER','',71486,52,53,118,4,19.54,19.75,'1100',1949,7,'',7,'~afsisio/data/constants/mcanstn'
'WLB',54.7666666,247.9833334,567,0,'LAC LA BICHE','',71931,54,46,112,1,20.75,19.6,'1110',1958,7,'N-RTW',7,'~afsisio/data/constants/mcanstn'
'YQL',49.6166666,247.2166667,929,0,'LETHBRIDGE','',71874,49,37,112,47,19.79,18.36,'2110',1949,7,'',7,'~afsisio/data/constants/mcanstn'
'YLL',53.3166666,249.9333334,669,0,'LLOYDMINSTER','',71871,53,19,110,4,20.82,19.05,'0110',1949,7,'',7,'~afsisio/data/constants/mcanstn'
'YXH',50.0166666,249.2833334,717,0,'MEDICINE HAT','',71872,50,1,110,43,20.2,18.24,'0110',1949,7,'',7,'~afsisio/data/constants/mcanstn'
'YPE',56.2166666,242.55,571,0,'PEACE RIVER','',71068,56,13,117,27,20.24,20.48,'0110',1949,7,'',7,'~afsisio/data/constants/mcanstn'
'ZPC',49.5166666,246.0,1190,0,'PINCHER CREEK','WMP',71875,49,31,114,0,19.57,18.46,'2110',1960,7,'--RTW',7,'~afsisio/data/constants/mcanstn'
'YQF',52.1666666,246.1166667,905,0,'RED DEER','',71878,52,10,113,53,20.04,19.13,'0110',1949,7,'',7,'~afsisio/data/constants/mcanstn'
'WRM',52.4333333,245.0833334,988,0,'ROCKY MTN HOUSE','YRM',71928,52,26,114,55,19.92,19.3,'2100',1949,7,'NVRTW',7,'~afsisio/data/constants/mcanstn'
'YZH',55.2833333,245.2333334,581,0,'SLAVE LAKE','',71069,55,17,114,46,20.44,19.99,'1110',1949,7,'',7,'~afsisio/data/constants/mcanstn'
'AVG',53.35,249.1666667,0,0,'VERMILION','',0,53,21,110,50,20.7,19.13,'0001',1949,7,'',7,'~afsisio/data/constants/mcanstn'
'YZU',54.1333333,244.2166667,782,0,'WHITECOURT','',71930,54,8,115,47,20.1,19.81,'0110',1949,7,'',7,'~afsisio/data/constants/mcanstn'
'YXX',49.0333333,237.65,58,0,'ABBOTSFORD','',71108,49,2,122,21,18.15,19.39,'0110',1949,8,'',8,'~afsisio/data/constants/mcanstn'
'YCP',52.1,240.7,683,0,'BLUE RIVER','WSV',71883,52,6,119,18,19.22,19.71,'2110',1949,8,'--RTW',8,'~afsisio/data/constants/mcanstn'
'WZV',51.9333333,228.9833334,89,0,'CAPE ST JAMES','',71107,51,56,131,1,17.63,21.23,'1010',1949,8,'',8,'~afsisio/data/constants/mcanstn'
'YCG',49.2833333,242.3833334,495,0,'CASTLEGAR','',71884,49,17,117,37,18.93,18.83,'0000',1959,8,'',8,'~afsisio/data/constants/mcanstn'
'WCL',51.15,238.5,1057,0,'CLINTON','',71474,51,9,121,30,18.71,19.76,'1110',1971,8,'NVRTW',8,'~afsisio/data/constants/mcanstn'
'YQQ',49.7,235.1166667,24,0,'COMOX','',71893,49,42,124,53,17.92,19.89,'0110',1949,8,'',8,'~afsisio/data/constants/mcanstn'
'YXC',49.6166666,244.2166667,939,0,'CRANBROOK','',71880,49,37,115,47,19.28,18.67,'0110',1949,8,'',8,'~afsisio/data/constants/mcanstn'
'WDL',58.4166666,230.0,816,0,'DEASE LAKE','',71958,58,25,130,0,19.24,22.33,'0100',1949,8,'',8,'~afsisio/data/constants/mcanstn'
'WEB',49.3833333,233.45,7,0,'ESTEVAN POINT','',71894,49,23,126,33,17.62,20.06,'1110',1949,8,'--RTW',8,'~afsisio/data/constants/mcanstn'
'YYE',58.8333333,237.4,382,0,'FORT NELSON','',71945,58,50,122,36,20.11,21.59,'0110',1949,8,'',7,'~afsisio/data/constants/mcanstn'
'YXJ',56.2333333,239.2666667,695,0,'FORT ST JOHN','',71943,56,14,120,44,19.82,20.82,'0110',1949,8,'',7,'~afsisio/data/constants/mcanstn'
'YHE',49.3666666,238.5166667,39,0,'HOPE','',71114,49,22,121,29,18.35,19.33,'2100',1949,8,'',8,'~afsisio/data/constants/mcanstn'
'YKA',50.7,239.5666667,346,0,'KAMLOOPS','',71887,50,42,120,26,18.78,19.52,'0110',1951,8,'',8,'~afsisio/data/constants/mcanstn'
'YLW',49.9666666,240.6166667,430,0,'KELOWNA','WLW',71203,49,58,119,23,18.79,19.21,'2110',1968,8,'',8,'~afsisio/data/constants/mcanstn'
'WLY',50.2333333,238.4166667,257,0,'LYTTON','WLW',71891,50,14,121,35,18.51,19.56,'1110',1970,8,'',8,'~afsisio/data/constants/mcanstn'
'YCD',49.05,236.1333334,30,0,'NANAIMO','',71890,49,3,123,52,17.93,19.6,'0000',1949,8,'',8,'~afsisio/data/constants/mcanstn'
'YYF',49.45,240.4,344,0,'PENTICTON','',71889,49,27,119,36,18.66,19.12,'0110',1949,8,'',8,'~afsisio/data/constants/mcanstn'
'WQC',49.25,235.1666667,2,0,'PORT ALBERNI','YPB',71475,49,15,124,50,17.83,19.78,'2110',1969,8,'NVRTW',8,'~afsisio/data/constants/mcanstn'
'YZT',50.6833333,232.6333334,22,0,'PORT HARDY','',71109,50,41,127,22,17.8,20.45,'0110',1949,8,'',8,'~afsisio/data/constants/mcanstn'
'YXS',53.8833333,237.3166667,691,0,'PRINCE GEORGE','',71896,53,53,122,41,19.1,20.52,'0110',1949,8,'',8,'~afsisio/data/constants/mcanstn'
'YPR',54.2833333,229.55,34,0,'PRINCE RUPERT','',71898,54,17,130,27,18.25,21.6,'0110',1949,8,'',8,'~afsisio/data/constants/mcanstn'
'WPU',52.1166666,235.8666667,910,0,'PUNTZI MOUNTAIN','',71050,52,7,124,8,18.54,20.31,'1110',1968,8,'NVRTW',8,'~afsisio/data/constants/mcanstn'
'YQZ',53.0166666,237.5,545,0,'QUESNEL','WQZ',71103,53,1,122,30,18.95,20.31,'3010',1949,8,'',8,'~afsisio/data/constants/mcanstn'
'YRV',50.9666666,241.8166667,443,0,'REVELSTOKE','',71882,50,58,118,11,19.16,19.31,'2100',1949,8,'',8,'~afsisio/data/constants/mcanstn'
'YZP',53.25,228.2,6,0,'SANDSPITT','',71101,53,15,131,48,17.85,21.59,'2110',1949,8,'',8,'~afsisio/data/constants/mcanstn'
'YYD',54.8166666,232.8166667,523,0,'SMITHERS','',71950,54,49,127,11,18.74,21.28,'0110',1949,8,'',8,'~afsisio/data/constants/mcanstn'
'YXT',54.4666666,231.4333334,217,0,'TERRACE','',71951,54,28,128,34,18.5,21.39,'0110',1953,8,'',8,'~afsisio/data/constants/mcanstn'
'YAZ',49.0666666,234.2333334,20,0,'TOFINO','',71106,49,4,125,46,17.66,19.88,'0000',1958,8,'',8,'~afsisio/data/constants/mcanstn'
'YVR',49.2,236.8333334,2,0,'VANCOUVER INTL','',71892,49,12,123,10,18.06,19.54,'0110',1949,8,'',8,'~afsisio/data/constants/mcanstn'
'YYJ',48.6333333,236.5833334,19,0,'VICTORIA INTL','',71799,48,38,123,25,17.9,19.45,'0110',1949,8,'',8,'~afsisio/data/constants/mcanstn'
'YWL',52.1833333,237.95,940,0,'WILLIAMS LAKE','',71104,52,11,122,3,18.84,20.07,'0110',1960,8,'',8,'~afsisio/data/constants/mcanstn'
'WDB',61.3666666,220.9666667,806,0,'BURWASH','YDB',71967,61,22,139,2,19.17,23.9,'1110',1966,9,'',9,'~afsisio/data/constants/mcanstn'
'WON',64.05,220.8666667,369,0,'DAWSON','YDA',71966,64,3,139,8,19.83,24.31,'1110',1976,9,'',9,'~afsisio/data/constants/mcanstn'
'WUM',62.2333333,226.65,717,0,'FARO','ZFA',71949,62,14,133,21,19.81,23.4,'1110',1980,9,'NVRTW',8,'~afsisio/data/constants/mcanstn'
'WKM',69.6,219.8333334,7,0,'KOMAKUK BEACH','',71046,69,36,140,10,21.13,25.21,'1110',1973,9,'',9,'~afsisio/data/constants/mcanstn'
'YMA',63.6166666,224.1333334,504,0,'MAYO','',71965,63,37,135,52,19.94,23.9,'0010',1949,9,'',8,'~afsisio/data/constants/mcanstn'
'YUA',68.9166666,222.7833334,38,0,'SHINGLE POINT','',71968,68,55,137,13,21.12,24.86,'1100',1973,9,'',8,'~afsisio/data/constants/mcanstn'
'WZW',60.1666666,227.25,705,0,'TESLIN','YZW',71045,60,10,132,45,19.38,22.97,'1110',1949,9,'N-RTW',8,'~afsisio/data/constants/mcanstn'
'YQH',60.1166666,231.1833334,690,0,'WATSON LAKE','ZQH',71953,60,7,128,49,19.73,22.52,'1110',1949,9,'',8,'~afsisio/data/constants/mcanstn'
'YXY',60.7166666,224.9333334,703,0,'WHITEHORSE','',71964,60,43,135,4,19.32,23.33,'0010',1949,9,'',8,'~afsisio/data/constants/mcanstn'
'WLT',82.5166666,297.7166667,65,0,'ALERT','',71082,82,31,62,17,26.62,26.05,'1110',1950,10,'---TW',5,'~afsisio/data/constants/mcanstn'
'YBK',64.3,263.9166667,18,0,'BAKER LAKE','',71926,64,18,96,5,24.04,21.16,'0110',1949,10,'',6,'~afsisio/data/constants/mcanstn'
'WVD',67.55,296.2166667,573,0,'BROUGHTON ISLAND','',71096,67,33,63,47,27.73,22.05,'1100',1960,10,'',4,'~afsisio/data/constants/mcanstn'
'TUK',68.75,250.9333334,92,0,'BYRON BAY','',0,68,45,109,4,23.16,22.88,'0101',1961,10,'',7,'~afsisio/data/constants/mcanstn'
'YCB',69.1,254.8666667,27,0,'CAMBRIDGE BAY','',71925,69,6,105,8,23.56,22.79,'2110',1949,10,'',7,'~afsisio/data/constants/mcanstn'
'WOA',65.6166666,241.8833334,230,0,'CAMSELL RIVER','',71060,65,37,118,7,21.84,22.7,'1110',1982,10,'--RTW',7,'~afsisio/data/constants/mcanstn'
'YTE',64.2333333,283.4666667,47,0,'CAPE DORSET','',71910,64,14,76,32,26.43,20.87,'1110',1963,10,'',5,'~afsisio/data/constants/mcanstn'
'WFD',66.6,298.4166667,393,0,'CAPE DYER','YVN',71094,66,36,61,35,28.04,21.87,'2110',1959,10,'',4,'~afsisio/data/constants/mcanstn'
'WUP',68.4666666,293.2,401,0,'CAPE HOOPER','',71093,68,28,66,48,27.35,22.22,'1100',1957,10,'',4,'~afsisio/data/constants/mcanstn'
'ZCP',70.1666666,235.3,17,0,'CAPE PARRY','',71948,70,10,124,42,22.16,24.12,'1110',1955,10,'',7,'~afsisio/data/constants/mcanstn'
'TUI',68.9333333,243.0666667,16,0,'CAPE YOUNG','',0,68,56,116,56,22.51,23.36,'0101',1973,10,'',7,'~afsisio/data/constants/mcanstn'
'YCS',63.3333333,269.2833334,0,0,'CHESTERFIELD INLET','',0,63,20,90,43,24.62,20.73,'0000',1949,10,'',6,'~afsisio/data/constants/mcanstn'
'TXK',69.5833333,239.2,101,0,'CLINTON POINT','',0,69,35,120,48,22.33,23.75,'0101',1957,10,'',7,'~afsisio/data/constants/mcanstn'
'YCY',70.4833333,291.4833334,26,0,'CLYDE','',71090,70,29,68,31,27.07,22.74,'1110',1949,10,'',5,'~afsisio/data/constants/mcanstn'
'YCO',67.8166666,244.85,22,0,'COPPERMINE','',71938,67,49,115,9,22.48,23.0,'0110',1949,10,'',7,'~afsisio/data/constants/mcanstn'
'YZS',64.2,276.6333334,64,0,'CORAL HARBOUR','',71915,64,12,83,22,25.58,20.87,'0110',1949,10,'',5,'~afsisio/data/constants/mcanstn'
'WUW',68.65,288.7666667,518,0,'DEWAR LAKES','',71092,68,39,71,14,26.9,22.19,'1300',1961,10,'',5,'~afsisio/data/constants/mcanstn'
'WJC',61.1333333,259.1,353,0,'ENNADAI LAKE','',71923,61,8,100,54,23.13,20.5,'1010',1949,10,'--RTW',6,'~afsisio/data/constants/mcanstn'
'WEU',79.9833333,274.0666667,10,0,'EUREKA','',71917,79,59,85,56,25.72,25.28,'0200',1949,10,'',5,'~afsisio/data/constants/mcanstn'
'WFZ',62.7166666,250.8333334,164,0,'FORT RELIANCE','',71160,62,43,109,10,22.31,21.39,'1110',1951,10,'',7,'~afsisio/data/constants/mcanstn'
'YFS',61.75,238.7666667,169,0,'FORT SIMPSON','',71946,61,45,121,14,20.82,22.09,'0110',1963,10,'',7,'~afsisio/data/constants/mcanstn'
'YSM',60.0166666,248.05,203,0,'FORT SMITH','',71934,60,1,111,57,21.58,20.91,'0110',1949,10,'',7,'~afsisio/data/constants/mcanstn'
'YFB',63.75,291.4666667,34,0,'IQALUIT','',71909,63,45,68,32,27.45,20.87,'2110',1949,10,'',5,'~afsisio/data/constants/mcanstn'
'YUX',68.7833333,278.75,8,0,'HALL BEACH','',71081,68,47,81,15,25.87,22.16,'2110',1955,10,'',5,'~afsisio/data/constants/mcanstn'
'YHY',60.8333333,244.2333334,166,0,'HAY RIVER','',71935,60,50,115,46,21.26,21.42,'0110',1949,10,'',7,'~afsisio/data/constants/mcanstn'
'YEV',68.3,226.5333334,68,0,'INUVIK','',71957,68,18,133,28,21.19,24.44,'1110',1957,10,'',7,'~afsisio/data/constants/mcanstn'
'TUQ',68.6666666,258.2666667,18,0,'JENNY LIND ISLAND','',0,68,40,101,44,23.82,22.54,'0101',1973,10,'',6,'~afsisio/data/constants/mcanstn'
'YUJ',68.4833333,246.7833334,16,0,'LADY FRANKLIN POINT','',71937,68,29,113,13,22.75,23.04,'1100',1973,10,'',7,'~afsisio/data/constants/mcanstn'
'WLX',68.9,284.85,162,0,'LONGSTAFF BLUFF','',71091,68,54,75,9,26.49,22.21,'1110',1961,10,'',5,'~afsisio/data/constants/mcanstn'
'YWO',65.7666666,248.7666667,500,0,'LUPIN','',0,65,46,111,14,22.53,22.27,'0010',1981,10,'--RTW',7,'~afsisio/data/constants/mcanstn'
'TUU',68.3,274.3166667,395,0,'MACKAR INLET','',0,68,18,85,41,25.41,22.05,'0101',1961,10,'',5,'~afsisio/data/constants/mcanstn'
'WMD',76.2333333,240.6833334,12,0,'MOULD BAY','YMD',71072,76,14,119,19,23.61,25.09,'2100',1949,10,'',7,'~afsisio/data/constants/mcanstn'
'TRP',69.9333333,231.0333334,89,0,'NICHOLSON PENINSULA','',0,69,56,128,58,21.84,24.38,'0101',1973,10,'',7,'~afsisio/data/constants/mcanstn'
'YVQ',65.2833333,233.2,74,0,'NORMAN WELLS','',71043,65,17,126,48,21.02,23.32,'0110',1949,10,'',7,'~afsisio/data/constants/mcanstn'
'YBB',68.4333333,270.2833334,326,0,'PELLY BAY','WRF',71918,68,26,89,43,25.0,22.14,'2110',1961,10,'',6,'~afsisio/data/constants/mcanstn'
'YIO',72.6833333,282.0333334,57,0,'POND INLET','',71095,72,41,77,58,26.17,23.25,'1110',1974,10,'',5,'~afsisio/data/constants/mcanstn'
'YRT',62.8166666,267.8833334,32,0,'RANKIN INLET','',71083,62,49,92,7,24.42,20.63,'0110',1981,10,'',6,'~afsisio/data/constants/mcanstn'
'WTD',65.1,257.5666667,244,0,'ROBERTSON LAKE','',71490,65,6,102,26,23.37,21.63,'1110',1979,10,'--RTW',7,'~afsisio/data/constants/mcanstn'
'YRB',74.7166666,265.05,67,0,'RESOLUTE','',71924,74,43,94,57,24.92,23.96,'0110',1949,10,'',6,'~afsisio/data/constants/mcanstn'
'YSY',72.0,234.7333334,88,0,'SACHS HARBOUR','WSY',71051,72,0,125,16,22.48,24.52,'1110',1955,10,'---TW',7,'~afsisio/data/constants/mcanstn'
'YUS',68.8,266.5833334,42,0,'SHEPHERD BAY','',71911,68,48,93,25,24.65,22.32,'1100',1973,10,'',6,'~afsisio/data/constants/mcanstn'
'YUB',69.45,227.0,18,0,'TUKTOYAKTUK','',71954,69,27,133,0,21.48,24.6,'0000',1949,10,'',7,'~afsisio/data/constants/mcanstn'
'YZF',62.4666666,245.5666667,205,0,'YELLOWKNIFE','',71936,62,28,114,26,21.68,21.7,'0110',1949,10,'',7,'~afsisio/data/constants/mcanstn'
'QAD',45.95,285.8666667,395,0,'STE ADELE','',71001,45,57,74,8,27.25,15.47,'0110',1992,3,'',5,'script:uvo3cor variable:canstat'
'YSF',59.2666666,254.1666667,395,0,'STONY RAPIDS','',71002,59,16,105,50,27.25,15.47,'0110',1992,6,'',6,'script:uvo3cor variable:canstat'
'ZGB',50.55,263.3666667,395,0,'GRAND BEACH','',71003,50,33,96,38,27.25,15.47,'0110',1992,5,'',6,'script:uvo3cor variable:canstat'
'YAG',48.6,266.6,395,0,'FORT FRANCES','',71004,48,36,93,24,27.25,15.47,'0110',1992,4,'',6,'script:uvo3cor variable:canstat'
'BAN',45.0666666,282.1166667,395,0,'BANCROFT','',71005,45,4,77,53,27.25,15.47,'0110',1992,4,'',6,'script:uvo3cor variable:canstat'
'COL',44.5,279.75,395,0,'COLLINGWOOD','',71006,44,30,80,15,27.25,15.47,'0110',1992,4,'',6,'script:uvo3cor variable:canstat'
'YKF',43.4666666,279.4666667,395,0,'KITCHENER WATERLOO','',71007,43,28,80,32,27.25,15.47,'0110',1992,4,'',6,'script:uvo3cor variable:canstat'
'YSL',47.1333333,292.1666667,395,0,'ST LEONARD','',71008,47,8,67,50,27.25,15.47,'0110',1992,2,'',4,'script:uvo3cor variable:canstat'
'YDP',56.55,298.3166667,395,0,'NAIN','',71009,56,33,61,41,27.25,15.47,'0110',1992,1,'',4,'script:uvo3cor variable:canstat'
'YHD',49.8333333,267.25,413,0,'DRYDEN','',71010,49,50,92,45,27.25,15.47,'0110',1992,1,'',5,'script:uvo3cor variable:canstat'
'YFO',54.6833333,258.3166667,304,0,'FLIN FLON','',71011,54,41,101,41,27.25,15.47,'0110',1992,1,'',6,'script:uvo3cor variable:canstat'
'WWF',49.7,256.2,589,0,'WEYBURN','',71012,49,42,103,48,27.25,15.47,'0110',1992,1,'',6,'script:uvo3cor variable:canstat'
