stationalphaid, latitude, longitude, terrainelevation, unknown1, stationname, stationintlid, stationintlid2, unknown2, inputfile
'YVR',49.195722,236.816111,0.014,NULL,'VANCOUVER, BC',71892,NULL,'V 1','/users/dor/afsy/pst/.ocm/writerAsciiBulletinFB/datafiles/constants/ffdstns_update_stations_20130410_for_SPOOKI'
'YYF',49.4625,240.397778,1.13,NULL,'PENTICTON, BC',71889,NULL,'V 2','/users/dor/afsy/pst/.ocm/writerAsciiBulletinFB/datafiles/constants/ffdstns_update_stations_20130410_for_SPOOKI'
'YXC',49.612222,244.218056,3.084,NULL,'CRANBROOKE, BC',71880,NULL,'V 2','/users/dor/afsy/pst/.ocm/writerAsciiBulletinFB/datafiles/constants/ffdstns_update_stations_20130410_for_SPOOKI'
'YYC',51.113889,245.979722,3.557,NULL,'CALGARY, ALBERTA',71877,NULL,'E 3','/users/dor/afsy/pst/.ocm/writerAsciiBulletinFB/datafiles/constants/ffdstns_update_stations_20130410_for_SPOOKI'
'YQL',49.630278,247.200278,3.048,NULL,'LETHBRIDGE, ALBERTA',71874,NULL,'E 1','/users/dor/afsy/pst/.ocm/writerAsciiBulletinFB/datafiles/constants/ffdstns_update_stations_20130410_for_SPOOKI'
'YEA',50.933333,249.986944,2.211,NULL,'EMPRESS, ALBERTA',NULL,NULL,'E 3','/users/dor/afsy/pst/.ocm/writerAsciiBulletinFB/datafiles/constants/ffdstns_update_stations_20130410_for_SPOOKI'
'YZP',53.254167,228.186111,0.021,NULL,'SANDSPIT, BC',71101,NULL,'V 3','/users/dor/afsy/pst/.ocm/writerAsciiBulletinFB/datafiles/constants/ffdstns_update_stations_20130410_for_SPOOKI'
'YZT',50.680556,232.633333,0.071,2,'PORT HARDY, BC',71109,NULL,'V 1','/users/dor/afsy/pst/.ocm/writerAsciiBulletinFB/datafiles/constants/ffdstns_update_stations_20130410_for_SPOOKI'
'YPU',52.112778,235.855278,2.985,NULL,'PUNZI MOUNTAIN, BC',71050,NULL,'V 4','/users/dor/afsy/pst/.ocm/writerAsciiBulletinFB/datafiles/constants/ffdstns_update_stations_20130410_for_SPOOKI'
'YXS',53.884167,237.3225,2.266,2,'PRINCE GEORGE, BC',71896,NULL,'V 4','/users/dor/afsy/pst/.ocm/writerAsciiBulletinFB/datafiles/constants/ffdstns_update_stations_20130410_for_SPOOKI'
'YYD',54.825278,232.817222,1.716,NULL,'SMITHERS, BC',71950,NULL,'V 4','/users/dor/afsy/pst/.ocm/writerAsciiBulletinFB/datafiles/constants/ffdstns_update_stations_20130410_for_SPOOKI'
'YDL',58.422222,229.967778,2.634,NULL,'DEASE LAKE, BC',71958,NULL,'Y 2','/users/dor/afsy/pst/.ocm/writerAsciiBulletinFB/datafiles/constants/ffdstns_update_stations_20130410_for_SPOOKI'
'YKA',50.7025,239.551389,1.133,2,'KAMLOOPS, BC',71115,71887,'V 2','/users/dor/afsy/pst/.ocm/writerAsciiBulletinFB/datafiles/constants/ffdstns_update_stations_20130410_for_SPOOKI'
'YJA',52.996667,241.940556,3.35,NULL,'JASPER, ALBERTA',71888,NULL,'E 4','/users/dor/afsy/pst/.ocm/writerAsciiBulletinFB/datafiles/constants/ffdstns_update_stations_20130410_for_SPOOKI'
'YEG',53.309722,246.420278,2.373,2,'EDMONTON, ALBERTA',71119,71123,'E 5','/users/dor/afsy/pst/.ocm/writerAsciiBulletinFB/datafiles/constants/ffdstns_update_stations_20130410_for_SPOOKI'
'YXE',52.170833,253.300278,1.654,NULL,'SASKATOON, SASK',71866,NULL,'R 5','/users/dor/afsy/pst/.ocm/writerAsciiBulletinFB/datafiles/constants/ffdstns_update_stations_20130410_for_SPOOKI'
'YZH',55.293056,245.222778,1.912,NULL,'SLAVE LAKE, ALBERTA',71069,NULL,'E 9','/users/dor/afsy/pst/.ocm/writerAsciiBulletinFB/datafiles/constants/ffdstns_update_stations_20130410_for_SPOOKI'
'YXJ',56.238056,239.259722,2.28,NULL,'FORT ST. JOHN, BC',71943,NULL,'E 6','/users/dor/afsy/pst/.ocm/writerAsciiBulletinFB/datafiles/constants/ffdstns_update_stations_20130410_for_SPOOKI'
'YYE',58.836389,237.403056,1.253,2,'FORT NELSON, BC',71945,NULL,'E 7','/users/dor/afsy/pst/.ocm/writerAsciiBulletinFB/datafiles/constants/ffdstns_update_stations_20130410_for_SPOOKI'
'YQH',60.116389,231.1775,2.255,NULL,'WATSON LAKE, YT',71953,NULL,'Y 3','/users/dor/afsy/pst/.ocm/writerAsciiBulletinFB/datafiles/constants/ffdstns_update_stations_20130410_for_SPOOKI'
'YXY',60.709444,224.932778,2.317,2,'WHITEHORSE, YT',71964,NULL,'Y 2','/users/dor/afsy/pst/.ocm/writerAsciiBulletinFB/datafiles/constants/ffdstns_update_stations_20130410_for_SPOOKI'
'YDB',61.370556,220.96,2.642,NULL,'BURWASH, YT',71967,NULL,'Y 1','/users/dor/afsy/pst/.ocm/writerAsciiBulletinFB/datafiles/constants/ffdstns_update_stations_20130410_for_SPOOKI'
'YMA',63.616389,224.131667,1.653,NULL,'MAYO, YT',71965,NULL,'Y 4','/users/dor/afsy/pst/.ocm/writerAsciiBulletinFB/datafiles/constants/ffdstns_update_stations_20130410_for_SPOOKI'
'YOC',67.57,220.16,0.821,NULL,'OLD CROW, YT',NULL,NULL,'Y 6','/users/dor/afsy/pst/.ocm/writerAsciiBulletinFB/datafiles/constants/ffdstns_update_stations_20130410_for_SPOOKI'
'YEV',68.303889,226.516944,0.222,2,'INUVIK, NWT',71957,NULL,'A28','/users/dor/afsy/pst/.ocm/writerAsciiBulletinFB/datafiles/constants/ffdstns_update_stations_20130410_for_SPOOKI'
'YVQ',65.281389,233.201389,0.238,2,'NORMAN WELLS, NWT',71043,NULL,'A27','/users/dor/afsy/pst/.ocm/writerAsciiBulletinFB/datafiles/constants/ffdstns_update_stations_20130410_for_SPOOKI'
'YFS',61.760278,238.763611,0.556,NULL,'FORT SIMPSON, NWT',71946,NULL,'A21','/users/dor/afsy/pst/.ocm/writerAsciiBulletinFB/datafiles/constants/ffdstns_update_stations_20130410_for_SPOOKI'
'YOD',54.405,249.720556,1.775,NULL,'COLD LAKE, ALBERTA',71120,NULL,'E 5','/users/dor/afsy/pst/.ocm/writerAsciiBulletinFB/datafiles/constants/ffdstns_update_stations_20130410_for_SPOOKI'
'YMM',56.653333,248.776667,1.211,NULL,'FORT MCMURRAY, ALBERTA',71932,NULL,'E 9','/users/dor/afsy/pst/.ocm/writerAsciiBulletinFB/datafiles/constants/ffdstns_update_stations_20130410_for_SPOOKI'
'YOJ',58.621389,242.835278,1.105,NULL,'HIGH LEVEL, ALBERTA',71066,NULL,'E 8','/users/dor/afsy/pst/.ocm/writerAsciiBulletinFB/datafiles/constants/ffdstns_update_stations_20130410_for_SPOOKI'
'YSM',60.020278,248.038056,0.671,2,'FORT SMITH, NWT',71934,NULL,'A22','/users/dor/afsy/pst/.ocm/writerAsciiBulletinFB/datafiles/constants/ffdstns_update_stations_20130410_for_SPOOKI'
'YZF',62.462778,245.559722,0.675,NULL,'YELLOWKNIFE, NWT',71936,NULL,'A22','/users/dor/afsy/pst/.ocm/writerAsciiBulletinFB/datafiles/constants/ffdstns_update_stations_20130410_for_SPOOKI'
'YIX',66.1,242.066667,0.512,NULL,'PORT RADIUM, NWT',71061,NULL,'A30','/users/dor/afsy/pst/.ocm/writerAsciiBulletinFB/datafiles/constants/ffdstns_update_stations_20130410_for_SPOOKI'
'YQR',50.432222,255.333889,1.895,NULL,'REGINA, SASK',71863,NULL,'R 3','/users/dor/afsy/pst/.ocm/writerAsciiBulletinFB/datafiles/constants/ffdstns_update_stations_20130410_for_SPOOKI'
'YBR',49.91,260.048056,1.343,NULL,'BRANDON, MAN',71140,NULL,'W 1','/users/dor/afsy/pst/.ocm/writerAsciiBulletinFB/datafiles/constants/ffdstns_update_stations_20130410_for_SPOOKI'
'YWG',49.91,262.76,0.783,NULL,'WINNIPEG, MAN',71852,NULL,'W 2','/users/dor/afsy/pst/.ocm/writerAsciiBulletinFB/datafiles/constants/ffdstns_update_stations_20130410_for_SPOOKI'
'YQT',48.371944,270.678333,0.654,NULL,'THUNDER BAY, ONT',71749,NULL,'W 6','/users/dor/afsy/pst/.ocm/writerAsciiBulletinFB/datafiles/constants/ffdstns_update_stations_20130410_for_SPOOKI'
'WUJ',53.0,262.4,0.712,1,'53N       98W',NULL,NULL,'W12','/users/dor/afsy/pst/.ocm/writerAsciiBulletinFB/datafiles/constants/ffdstns_update_stations_20130410_for_SPOOKI'
'WUI',52.0,259.0,0.299,1,'52N       101W',NULL,NULL,'W 7','/users/dor/afsy/pst/.ocm/writerAsciiBulletinFB/datafiles/constants/ffdstns_update_stations_20130410_for_SPOOKI'
'YQD',53.971389,258.909889,0.888,2,'THE PAS, MAN',71867,NULL,'W15','/users/dor/afsy/pst/.ocm/writerAsciiBulletinFB/datafiles/constants/ffdstns_update_stations_20130410_for_SPOOKI'
'YVC',55.151389,254.738056,1.242,NULL,'LA RONGE, SASK',71922,NULL,'R11','/users/dor/afsy/pst/.ocm/writerAsciiBulletinFB/datafiles/constants/ffdstns_update_stations_20130410_for_SPOOKI'
'YFN',57.366667,252.866667,1.588,NULL,'CREE LAKE, SASK',71920,NULL,'R12','/users/dor/afsy/pst/.ocm/writerAsciiBulletinFB/datafiles/constants/ffdstns_update_stations_20130410_for_SPOOKI'
'YYL',56.863889,258.923889,1.17,NULL,'LYNN LAKE, MAN',71078,NULL,'W19','/users/dor/afsy/pst/.ocm/writerAsciiBulletinFB/datafiles/constants/ffdstns_update_stations_20130410_for_SPOOKI'
'WUC',55.0,265.0,0.6,1,'55N       95W',NULL,NULL,'W17','/users/dor/afsy/pst/.ocm/writerAsciiBulletinFB/datafiles/constants/ffdstns_update_stations_20130410_for_SPOOKI'
'YYQ',58.739167,265.934611,0.096,2,'CHURCHILL, MAN',71913,NULL,'W21','/users/dor/afsy/pst/.ocm/writerAsciiBulletinFB/datafiles/constants/ffdstns_update_stations_20130410_for_SPOOKI'
'WUD',60.0,275.0,0.0,1,'60N       85W',NULL,NULL,'A26','/users/dor/afsy/pst/.ocm/writerAsciiBulletinFB/datafiles/constants/ffdstns_update_stations_20130410_for_SPOOKI'
'WUB',65.0,255.0,0.991,1,'65N       105W',NULL,NULL,'A23','/users/dor/afsy/pst/.ocm/writerAsciiBulletinFB/datafiles/constants/ffdstns_update_stations_20130410_for_SPOOKI'
'YEI',61.133333,259.083333,1.158,NULL,'ENNADAI LAKE, NWT',71923,NULL,'A23','/users/dor/afsy/pst/.ocm/writerAsciiBulletinFB/datafiles/constants/ffdstns_update_stations_20130410_for_SPOOKI'
'YBK',64.298889,263.922222,0.061,2,'BAKER LAKE, NWT',71926,NULL,'A24','/users/dor/afsy/pst/.ocm/writerAsciiBulletinFB/datafiles/constants/ffdstns_update_stations_20130410_for_SPOOKI'
'YRT',62.810556,267.885278,0.106,NULL,'RANKIN INLET, NWT',71063,NULL,'A24','/users/dor/afsy/pst/.ocm/writerAsciiBulletinFB/datafiles/constants/ffdstns_update_stations_20130410_for_SPOOKI'
'YZS',64.193333,276.640556,0.204,2,'CORAL HARBOUR, NWT',71915,NULL,'A25','/users/dor/afsy/pst/.ocm/writerAsciiBulletinFB/datafiles/constants/ffdstns_update_stations_20130410_for_SPOOKI'
'YRL',51.067222,266.206944,1.266,NULL,'RED LAKE, ONT',71854,NULL,'W 9','/users/dor/afsy/pst/.ocm/writerAsciiBulletinFB/datafiles/constants/ffdstns_update_stations_20130410_for_SPOOKI'
'YTL',53.817778,270.103056,0.73,2,'BIG TROUT LAKE, ONT',71848,NULL,'W18','/users/dor/afsy/pst/.ocm/writerAsciiBulletinFB/datafiles/constants/ffdstns_update_stations_20130410_for_SPOOKI'
'WUE',55.0,275.0,0.098,1,'55N       85W',NULL,NULL,'T 6','/users/dor/afsy/pst/.ocm/writerAsciiBulletinFB/datafiles/constants/ffdstns_update_stations_20130410_for_SPOOKI'
'WKZ',57.0,271.0,0.0,1,'57N       89W',NULL,NULL,'W22','/users/dor/afsy/pst/.ocm/writerAsciiBulletinFB/datafiles/constants/ffdstns_update_stations_20130410_for_SPOOKI'
'WKJ',63.0,253.0,1.25,1,'63N       107W',NULL,NULL,'A22','/users/dor/afsy/pst/.ocm/writerAsciiBulletinFB/datafiles/constants/ffdstns_update_stations_20130410_for_SPOOKI'
'WLR',61.0,280.0,0.0,1,'61N       80W',NULL,NULL,'A25','/users/dor/afsy/pst/.ocm/writerAsciiBulletinFB/datafiles/constants/ffdstns_update_stations_20130410_for_SPOOKI'
'VBI',49.466667,265.95,1.184,NULL,'SIOUX NARROWS, ONT',NULL,NULL,'W 3','/users/dor/afsy/pst/.ocm/writerAsciiBulletinFB/datafiles/constants/ffdstns_update_stations_20130410_for_SPOOKI'
'YYW',50.290278,271.090278,1.058,NULL,'ARMSTRONG, ONT',71841,NULL,'W11','/users/dor/afsy/pst/.ocm/writerAsciiBulletinFB/datafiles/constants/ffdstns_update_stations_20130410_for_SPOOKI'
'YMO',51.291111,279.392222,0.03,2,'MOOSONEE, ONT',71836,NULL,'T 5','/users/dor/afsy/pst/.ocm/writerAsciiBulletinFB/datafiles/constants/ffdstns_update_stations_20130410_for_SPOOKI'
'YYU',49.411667,277.531389,0.743,NULL,'KAPUSKASING, ONT',71831,NULL,'T 5','/users/dor/afsy/pst/.ocm/writerAsciiBulletinFB/datafiles/constants/ffdstns_update_stations_20130410_for_SPOOKI'
'YYB',46.363889,280.575833,1.215,NULL,'NORTH BAY, ONT',71731,NULL,'T 3','/users/dor/afsy/pst/.ocm/writerAsciiBulletinFB/datafiles/constants/ffdstns_update_stations_20130410_for_SPOOKI'
'YAM',46.485,275.490278,0.63,2,'SAULT STE-MARIE, ONT',72734,71260,'T 4','/users/dor/afsy/pst/.ocm/writerAsciiBulletinFB/datafiles/constants/ffdstns_update_stations_20130410_for_SPOOKI'
'YVV',44.745833,278.892778,0.729,NULL,'WIARTON, ONT',71633,NULL,'T 1','/users/dor/afsy/pst/.ocm/writerAsciiBulletinFB/datafiles/constants/ffdstns_update_stations_20130410_for_SPOOKI'
'YQG',42.275556,277.044444,0.622,NULL,'WINDSOR, ONT',71538,NULL,'T 1','/users/dor/afsy/pst/.ocm/writerAsciiBulletinFB/datafiles/constants/ffdstns_update_stations_20130410_for_SPOOKI'
'YYZ',43.677222,280.369444,0.569,2,'TORONTO, ONT',72528,71624,'T 1','/users/dor/afsy/pst/.ocm/writerAsciiBulletinFB/datafiles/constants/ffdstns_update_stations_20130410_for_SPOOKI'
'YOW',45.3225,284.330833,0.374,NULL,'OTTAWA, ONT',71628,NULL,'M 1','/users/dor/afsy/pst/.ocm/writerAsciiBulletinFB/datafiles/constants/ffdstns_update_stations_20130410_for_SPOOKI'
'YUL',45.470556,286.259167,0.118,NULL,'MONTREAL/DORVAL, QUEBEC',71627,NULL,'M 1','/users/dor/afsy/pst/.ocm/writerAsciiBulletinFB/datafiles/constants/ffdstns_update_stations_20130410_for_SPOOKI'
'YSC',45.438611,288.308611,0.792,NULL,'SHERBROOKE, QUEBEC',71610,NULL,'M 2','/users/dor/afsy/pst/.ocm/writerAsciiBulletinFB/datafiles/constants/ffdstns_update_stations_20130410_for_SPOOKI'
'YQB',46.791111,288.606667,0.244,NULL,'QUEBEC, QUEBEC',71714,NULL,'M 6','/users/dor/afsy/pst/.ocm/writerAsciiBulletinFB/datafiles/constants/ffdstns_update_stations_20130410_for_SPOOKI'
'XUH',48.0,285.0,1.001,1,'48N       75W',NULL,NULL,'M 4','/users/dor/afsy/pst/.ocm/writerAsciiBulletinFB/datafiles/constants/ffdstns_update_stations_20130410_for_SPOOKI'
'WUF',51.0,285.0,1.201,1,'51N       75W',NULL,NULL,'M 8','/users/dor/afsy/pst/.ocm/writerAsciiBulletinFB/datafiles/constants/ffdstns_update_stations_20130410_for_SPOOKI'
'YMV',50.666667,291.166667,1.309,NULL,'MANICOUAGAN, QUEBEC',NULL,NULL,'M10','/users/dor/afsy/pst/.ocm/writerAsciiBulletinFB/datafiles/constants/ffdstns_update_stations_20130410_for_SPOOKI'
'YNI',53.283333,289.1,1.604,NULL,'NITCHEQUON, QUEBEC',71826,NULL,'M12','/users/dor/afsy/pst/.ocm/writerAsciiBulletinFB/datafiles/constants/ffdstns_update_stations_20130410_for_SPOOKI'
'YGW',55.281944,282.234722,0.034,NULL,'KUUJJUARAPIK, QUEBEC',71905,NULL,'M11','/users/dor/afsy/pst/.ocm/writerAsciiBulletinFB/datafiles/constants/ffdstns_update_stations_20130410_for_SPOOKI'
'WUG',57.0,287.0,0.499,1,'57N       73W',NULL,NULL,'M14','/users/dor/afsy/pst/.ocm/writerAsciiBulletinFB/datafiles/constants/ffdstns_update_stations_20130410_for_SPOOKI'
'YPH',58.471944,281.923056,0.083,2,'INUKJUAK, QUEBEC',71907,NULL,'M14','/users/dor/afsy/pst/.ocm/writerAsciiBulletinFB/datafiles/constants/ffdstns_update_stations_20130410_for_SPOOKI'
'YTE',64.230278,283.475,0.158,NULL,'CAPE DORSET, NWT',71910,NULL,'M16','/users/dor/afsy/pst/.ocm/writerAsciiBulletinFB/datafiles/constants/ffdstns_update_stations_20130410_for_SPOOKI'
'YZV',50.223333,293.734444,0.18,2,'SEPT-ILES, QUEBEC',71811,NULL,'M 7','/users/dor/afsy/pst/.ocm/writerAsciiBulletinFB/datafiles/constants/ffdstns_update_stations_20130410_for_SPOOKI'
'YWK',52.922778,293.135278,1.808,NULL,'WABUSH, NFLD',71825,NULL,'M13','/users/dor/afsy/pst/.ocm/writerAsciiBulletinFB/datafiles/constants/ffdstns_update_stations_20130410_for_SPOOKI'
'YKL',54.805278,293.194722,1.709,NULL,'SCHEFFERVILLE, QUEBEC',71828,NULL,'M13','/users/dor/afsy/pst/.ocm/writerAsciiBulletinFB/datafiles/constants/ffdstns_update_stations_20130410_for_SPOOKI'
'YVP',58.096111,291.573056,0.129,2,'KUUJJUAQ, QUEBEC',71906,NULL,'M15','/users/dor/afsy/pst/.ocm/writerAsciiBulletinFB/datafiles/constants/ffdstns_update_stations_20130410_for_SPOOKI'
'YYY',48.608889,291.7925,0.172,NULL,'MONT JOLI, QUEBEC',71718,NULL,'M 7','/users/dor/afsy/pst/.ocm/writerAsciiBulletinFB/datafiles/constants/ffdstns_update_stations_20130410_for_SPOOKI'
'YZG',62.179444,284.332778,0.743,NULL,'SALLUIT, QUEBEC',NULL,NULL,'M16','/users/dor/afsy/pst/.ocm/writerAsciiBulletinFB/datafiles/constants/ffdstns_update_stations_20130410_for_SPOOKI'
'YNC',53.010556,281.168889,0.066,NULL,'WEMENDJI, QUEBEC',NULL,NULL,'M11','/users/dor/afsy/pst/.ocm/writerAsciiBulletinFB/datafiles/constants/ffdstns_update_stations_20130410_for_SPOOKI'
'YTF',48.508611,288.358611,0.449,NULL,'ALMA, QUEBEC',NULL,NULL,'M5','/users/dor/afsy/pst/.ocm/writerAsciiBulletinFB/datafiles/constants/ffdstns_update_stations_20130410_for_SPOOKI'
'YMT',49.771944,285.471944,1.27,NULL,'CHIBOUGAMAU, QUEBEC',71822,NULL,'M9','/users/dor/afsy/pst/.ocm/writerAsciiBulletinFB/datafiles/constants/ffdstns_update_stations_20130410_for_SPOOKI'
'YGP',48.775278,295.520278,0.112,NULL,'GASPE, QUEBEC',71188,NULL,'H4','/users/dor/afsy/pst/.ocm/writerAsciiBulletinFB/datafiles/constants/ffdstns_update_stations_20130410_for_SPOOKI'
'YNM',49.761667,282.197222,0.918,NULL,'MATAGAMI, QUEBEC',71821,NULL,'M8','/users/dor/afsy/pst/.ocm/writerAsciiBulletinFB/datafiles/constants/ffdstns_update_stations_20130410_for_SPOOKI'
'YRI',47.764444,290.415556,0.426,NULL,'RIVIERE DU LOUP, QUEBEC',NULL,NULL,'M6','/users/dor/afsy/pst/.ocm/writerAsciiBulletinFB/datafiles/constants/ffdstns_update_stations_20130410_for_SPOOKI'
'YVO',48.053333,282.217222,1.107,NULL,'VAL D''OR, QUEBEC',71725,NULL,'M3','/users/dor/afsy/pst/.ocm/writerAsciiBulletinFB/datafiles/constants/ffdstns_update_stations_20130410_for_SPOOKI'
'YMW',46.272778,284.009444,0.658,2,'MANIWAKI, QUEBEC',71722,NULL,'M4','/users/dor/afsy/pst/.ocm/writerAsciiBulletinFB/datafiles/constants/ffdstns_update_stations_20130410_for_SPOOKI'
'YAH',53.754722,286.324722,1.005,2,'LA GRANDE IV, QUEBEC',71823,NULL,'M12','/users/dor/afsy/pst/.ocm/writerAsciiBulletinFB/datafiles/constants/ffdstns_update_stations_20130410_for_SPOOKI'
'YIF',51.209722,301.3425,0.019,NULL,'ST-AUGUSTIN, QUEBEC',NULL,NULL,'G5','/users/dor/afsy/pst/.ocm/writerAsciiBulletinFB/datafiles/constants/ffdstns_update_stations_20130410_for_SPOOKI'
'YQI',43.826944,293.911944,0.141,2,'YARMOUTH, NS',71603,NULL,'H 1','/users/dor/afsy/pst/.ocm/writerAsciiBulletinFB/datafiles/constants/ffdstns_update_stations_20130410_for_SPOOKI'
'YFC',45.868889,293.462778,0.067,NULL,'FREDERICTON, NB',71700,NULL,'H 2','/users/dor/afsy/pst/.ocm/writerAsciiBulletinFB/datafiles/constants/ffdstns_update_stations_20130410_for_SPOOKI'
'YQM',46.112222,295.321389,0.232,NULL,'MONCTON, NB',71705,NULL,'H 2','/users/dor/afsy/pst/.ocm/writerAsciiBulletinFB/datafiles/constants/ffdstns_update_stations_20130410_for_SPOOKI'
'YHZ',44.881111,296.491389,0.477,NULL,'HALIFAX, NS',71395,NULL,'H 1','/users/dor/afsy/pst/.ocm/writerAsciiBulletinFB/datafiles/constants/ffdstns_update_stations_20130410_for_SPOOKI'
'YSA',43.929444,300.040278,0.004,2,'SABLE ISLAND, NS',71600,NULL,'H 6','/users/dor/afsy/pst/.ocm/writerAsciiBulletinFB/datafiles/constants/ffdstns_update_stations_20130410_for_SPOOKI'
'YQY',46.161389,299.951944,0.203,NULL,'SYDNEY, NS',71707,NULL,'H 3','/users/dor/afsy/pst/.ocm/writerAsciiBulletinFB/datafiles/constants/ffdstns_update_stations_20130410_for_SPOOKI'
'FVP',46.763056,303.825833,0.028,NULL,'ST-PIERRE, FRANCE',71805,NULL,'G 1','/users/dor/afsy/pst/.ocm/writerAsciiBulletinFB/datafiles/constants/ffdstns_update_stations_20130410_for_SPOOKI'
'YYT',47.618611,307.2475,0.461,2,'ST. JOHN''S, NFLD',71801,NULL,'G 1','/users/dor/afsy/pst/.ocm/writerAsciiBulletinFB/datafiles/constants/ffdstns_update_stations_20130410_for_SPOOKI'
'YJT',48.541389,301.45,0.081,2,'STEPHENVILLE, NFLD',71815,NULL,'G 2','/users/dor/afsy/pst/.ocm/writerAsciiBulletinFB/datafiles/constants/ffdstns_update_stations_20130410_for_SPOOKI'
'YQX',48.936944,305.431944,0.496,NULL,'GANDER, NFLD',71803,NULL,'G 3','/users/dor/afsy/pst/.ocm/writerAsciiBulletinFB/datafiles/constants/ffdstns_update_stations_20130410_for_SPOOKI'
'YAY',51.391944,303.916944,0.108,NULL,'ST. ANTHONY, NFLD',71819,NULL,'G 3','/users/dor/afsy/pst/.ocm/writerAsciiBulletinFB/datafiles/constants/ffdstns_update_stations_20130410_for_SPOOKI'
'YGR',47.425,298.221944,0.035,NULL,'ILES DE LA MADELEINE, QUEBEC',71709,NULL,'H 5','/users/dor/afsy/pst/.ocm/writerAsciiBulletinFB/datafiles/constants/ffdstns_update_stations_20130410_for_SPOOKI'
'YNA',50.19,298.211111,0.039,NULL,'NATASHQUAN, QUEBEC',71813,NULL,'G 5','/users/dor/afsy/pst/.ocm/writerAsciiBulletinFB/datafiles/constants/ffdstns_update_stations_20130410_for_SPOOKI'
'YEO',51.866667,296.716667,1.932,NULL,'LAC EON, QUEBEC',71421,NULL,'G 5','/users/dor/afsy/pst/.ocm/writerAsciiBulletinFB/datafiles/constants/ffdstns_update_stations_20130410_for_SPOOKI'
'YYR',53.319167,299.574167,0.16,2,'GOOSE, NFLD',71816,NULL,'G 6','/users/dor/afsy/pst/.ocm/writerAsciiBulletinFB/datafiles/constants/ffdstns_update_stations_20130410_for_SPOOKI'
'YHO',55.448889,299.771944,0.046,NULL,'HOPEDALE, NFLD',71900,NULL,'G 6','/users/dor/afsy/pst/.ocm/writerAsciiBulletinFB/datafiles/constants/ffdstns_update_stations_20130410_for_SPOOKI'
'YSV',58.466667,297.35,1.693,NULL,'SAGLEK, NFLD',NULL,NULL,'G 7','/users/dor/afsy/pst/.ocm/writerAsciiBulletinFB/datafiles/constants/ffdstns_update_stations_20130410_for_SPOOKI'
'UHA',61.046389,290.382222,0.103,NULL,'QUAQTAQ, QUEBEC',71904,NULL,'M15','/users/dor/afsy/pst/.ocm/writerAsciiBulletinFB/datafiles/constants/ffdstns_update_stations_20130410_for_SPOOKI'
'YFB',63.756389,291.444167,0.11,2,'FROBISHER BAY, NWT',71909,NULL,'A34','/users/dor/afsy/pst/.ocm/writerAsciiBulletinFB/datafiles/constants/ffdstns_update_stations_20130410_for_SPOOKI'
'WFA',62.0,304.0,0.0,1,'62N       56W',NULL,NULL,'G12','/users/dor/afsy/pst/.ocm/writerAsciiBulletinFB/datafiles/constants/ffdstns_update_stations_20130410_for_SPOOKI'
'YCO',67.816667,244.856111,0.074,NULL,'COPPERMINE, NWT',71938,NULL,'A30','/users/dor/afsy/pst/.ocm/writerAsciiBulletinFB/datafiles/constants/ffdstns_update_stations_20130410_for_SPOOKI'
'YCB',69.108056,254.862778,0.102,2,'CAMBRIDGE BAY, NWT',71925,NULL,'A30','/users/dor/afsy/pst/.ocm/writerAsciiBulletinFB/datafiles/constants/ffdstns_update_stations_20130410_for_SPOOKI'
'YYH',69.546667,266.423056,0.09,NULL,'SPENCE BAY, NWT',NULL,NULL,'A31','/users/dor/afsy/pst/.ocm/writerAsciiBulletinFB/datafiles/constants/ffdstns_update_stations_20130410_for_SPOOKI'
'YUX',68.775833,278.7575,0.03,2,'HALL BEACH, NWT',71081,NULL,'A32','/users/dor/afsy/pst/.ocm/writerAsciiBulletinFB/datafiles/constants/ffdstns_update_stations_20130410_for_SPOOKI'
'YUW',68.65,288.833333,1.729,NULL,'DEWAR LAKES, NWT',71092,NULL,'A33','/users/dor/afsy/pst/.ocm/writerAsciiBulletinFB/datafiles/constants/ffdstns_update_stations_20130410_for_SPOOKI'
'YVN',66.6,298.433333,2.369,NULL,'CAPE DYER, NWT',71094,NULL,'A35','/users/dor/afsy/pst/.ocm/writerAsciiBulletinFB/datafiles/constants/ffdstns_update_stations_20130410_for_SPOOKI'
'YSY',71.993889,234.7575,0.282,2,'SACHS HARBOUR, NWT',71051,NULL,'A29','/users/dor/afsy/pst/.ocm/writerAsciiBulletinFB/datafiles/constants/ffdstns_update_stations_20130410_for_SPOOKI'
'WUA',73.0,250.0,0.0,1,'73N       110W',NULL,NULL,'A36','/users/dor/afsy/pst/.ocm/writerAsciiBulletinFB/datafiles/constants/ffdstns_update_stations_20130410_for_SPOOKI'
'YRB',74.716944,265.030556,0.222,2,'RESOLUTE, NWT',71924,NULL,'A37','/users/dor/afsy/pst/.ocm/writerAsciiBulletinFB/datafiles/constants/ffdstns_update_stations_20130410_for_SPOOKI'
'YAB',73.006389,274.952778,0.072,NULL,'ARCTIC BAY, NWT',NULL,NULL,'A38','/users/dor/afsy/pst/.ocm/writerAsciiBulletinFB/datafiles/constants/ffdstns_update_stations_20130410_for_SPOOKI'
'WFB',72.0,298.0,0.0,1,'72N       62W',NULL,NULL,'A36','/users/dor/afsy/pst/.ocm/writerAsciiBulletinFB/datafiles/constants/ffdstns_update_stations_20130410_for_SPOOKI'
'WFC',66.0,306.0,0.0,1,'66N       54W',NULL,NULL,'A35','/users/dor/afsy/pst/.ocm/writerAsciiBulletinFB/datafiles/constants/ffdstns_update_stations_20130410_for_SPOOKI'
'YMD',76.233333,240.666667,0.007,2,'MOULD BAY, NWT',71072,NULL,'A39','/users/dor/afsy/pst/.ocm/writerAsciiBulletinFB/datafiles/constants/ffdstns_update_stations_20130410_for_SPOOKI'
'YIC',78.783333,256.45,0.19,2,'ISACHSEN, NWT',71074,NULL,'A40','/users/dor/afsy/pst/.ocm/writerAsciiBulletinFB/datafiles/constants/ffdstns_update_stations_20130410_for_SPOOKI'
'YEU',79.994444,274.188056,0.269,2,'EUREKA, NWT',71917,NULL,'A42','/users/dor/afsy/pst/.ocm/writerAsciiBulletinFB/datafiles/constants/ffdstns_update_stations_20130410_for_SPOOKI'
'YLT',82.517778,297.719444,0.1,2,'ALERT, NWT',71082,NULL,'A42','/users/dor/afsy/pst/.ocm/writerAsciiBulletinFB/datafiles/constants/ffdstns_update_stations_20130410_for_SPOOKI'
'XCN',76.5,291.166667,0.528,1,'76N       69W',NULL,NULL,'A41','/users/dor/afsy/pst/.ocm/writerAsciiBulletinFB/datafiles/constants/ffdstns_update_stations_20130410_for_SPOOKI'
'WPM',47.0,311.0,0.0,1,'47N       49W',NULL,NULL,'G 8','/users/dor/afsy/pst/.ocm/writerAsciiBulletinFB/datafiles/constants/ffdstns_update_stations_20130410_for_SPOOKI'
'WJQ',76.0,220.0,0.0,1,'76N       140W',NULL,NULL,'A28','/users/dor/afsy/pst/.ocm/writerAsciiBulletinFB/datafiles/constants/ffdstns_update_stations_20130410_for_SPOOKI'
'WLL',82.0,220.0,0.0,1,'82N       140W',NULL,NULL,'A28','/users/dor/afsy/pst/.ocm/writerAsciiBulletinFB/datafiles/constants/ffdstns_update_stations_20130410_for_SPOOKI'
'XBT',84.0,260.0,0.0,1,'84N       100W',NULL,NULL,'A28','/users/dor/afsy/pst/.ocm/writerAsciiBulletinFB/datafiles/constants/ffdstns_update_stations_20130410_for_SPOOKI'
'XDJ',89.0,220.0,0.0,1,'89N       140W',NULL,NULL,'A28','/users/dor/afsy/pst/.ocm/writerAsciiBulletinFB/datafiles/constants/ffdstns_update_stations_20130410_for_SPOOKI'
'WKQ',85.0,290.0,0.0,1,'85N       70W',NULL,NULL,'A28','/users/dor/afsy/pst/.ocm/writerAsciiBulletinFB/datafiles/constants/ffdstns_update_stations_20130410_for_SPOOKI'
'WRS',78.0,230.0,0.0,1,'78N       130W',NULL,NULL,'A28','/users/dor/afsy/pst/.ocm/writerAsciiBulletinFB/datafiles/constants/ffdstns_update_stations_20130410_for_SPOOKI'
'WDG',80.0,245.0,0.0,1,'80N       115W',NULL,NULL,'A28','/users/dor/afsy/pst/.ocm/writerAsciiBulletinFB/datafiles/constants/ffdstns_update_stations_20130410_for_SPOOKI'
'WCM',70.0,245.0,0.846,1,'70N       115W',NULL,NULL,'A28','/users/dor/afsy/pst/.ocm/writerAsciiBulletinFB/datafiles/constants/ffdstns_update_stations_20130410_for_SPOOKI'
'WCK',74.0,225.0,0.0,1,'74N       135W',NULL,NULL,'A28','/users/dor/afsy/pst/.ocm/writerAsciiBulletinFB/datafiles/constants/ffdstns_update_stations_20130410_for_SPOOKI'
'WFK',89.0,285.0,0.0,1,'89N        75W',NULL,NULL,'A28','/users/dor/afsy/pst/.ocm/writerAsciiBulletinFB/datafiles/constants/ffdstns_update_stations_20130410_for_SPOOKI'
'XDH',74.5,277.5,0.0,1,'75N        83W',NULL,NULL,'A28','/users/dor/afsy/pst/.ocm/writerAsciiBulletinFB/datafiles/constants/ffdstns_update_stations_20130410_for_SPOOKI'
'XAA',85.0,220.0,0.0,1,'85N       140W',NULL,NULL,'A28','/users/dor/afsy/pst/.ocm/writerAsciiBulletinFB/datafiles/constants/ffdstns_update_stations_20130410_for_SPOOKI'
'XAB',85.0,240.0,0.0,1,'85N       120W',NULL,NULL,'A28','/users/dor/afsy/pst/.ocm/writerAsciiBulletinFB/datafiles/constants/ffdstns_update_stations_20130410_for_SPOOKI'
'XAD',85.0,270.0,0.0,1,'85N        90W',NULL,NULL,'A28','/users/dor/afsy/pst/.ocm/writerAsciiBulletinFB/datafiles/constants/ffdstns_update_stations_20130410_for_SPOOKI'
'XAE',85.0,300.0,0.0,1,'85N        60W',NULL,NULL,'A28','/users/dor/afsy/pst/.ocm/writerAsciiBulletinFB/datafiles/constants/ffdstns_update_stations_20130410_for_SPOOKI'
'XBA',80.0,220.0,0.0,1,'80N       140W',NULL,NULL,'A28','/users/dor/afsy/pst/.ocm/writerAsciiBulletinFB/datafiles/constants/ffdstns_update_stations_20130410_for_SPOOKI'
'XBB',80.0,240.0,0.0,1,'80N       120W',NULL,NULL,'A28','/users/dor/afsy/pst/.ocm/writerAsciiBulletinFB/datafiles/constants/ffdstns_update_stations_20130410_for_SPOOKI'
'XBM',80.0,260.0,0.003,1,'80N       100W',NULL,NULL,'A28','/users/dor/afsy/pst/.ocm/writerAsciiBulletinFB/datafiles/constants/ffdstns_update_stations_20130410_for_SPOOKI'
'XBS',80.0,300.0,1.024,1,'80N        60W',NULL,NULL,'A28','/users/dor/afsy/pst/.ocm/writerAsciiBulletinFB/datafiles/constants/ffdstns_update_stations_20130410_for_SPOOKI'
'XCB',77.5,230.0,0.0,1,'78N       130W',NULL,NULL,'A28','/users/dor/afsy/pst/.ocm/writerAsciiBulletinFB/datafiles/constants/ffdstns_update_stations_20130410_for_SPOOKI'
'XCC',77.5,250.0,0.0,1,'78N       110W',NULL,NULL,'A28','/users/dor/afsy/pst/.ocm/writerAsciiBulletinFB/datafiles/constants/ffdstns_update_stations_20130410_for_SPOOKI'
'XCE',77.5,270.0,0.066,1,'78N        90W',NULL,NULL,'A28','/users/dor/afsy/pst/.ocm/writerAsciiBulletinFB/datafiles/constants/ffdstns_update_stations_20130410_for_SPOOKI'
'XCF',77.5,285.0,0.0,1,'78N        75W',NULL,NULL,'A28','/users/dor/afsy/pst/.ocm/writerAsciiBulletinFB/datafiles/constants/ffdstns_update_stations_20130410_for_SPOOKI'
'XDA',75.0,220.0,0.0,1,'75N       140W',NULL,NULL,'A28','/users/dor/afsy/pst/.ocm/writerAsciiBulletinFB/datafiles/constants/ffdstns_update_stations_20130410_for_SPOOKI'
'XDB',75.0,230.0,0.0,1,'75N       130W',NULL,NULL,'A28','/users/dor/afsy/pst/.ocm/writerAsciiBulletinFB/datafiles/constants/ffdstns_update_stations_20130410_for_SPOOKI'
'XDC',75.0,240.0,0.0,1,'75N       120W',NULL,NULL,'A28','/users/dor/afsy/pst/.ocm/writerAsciiBulletinFB/datafiles/constants/ffdstns_update_stations_20130410_for_SPOOKI'
'XDD',75.0,250.0,0.469,1,'75N       110W',NULL,NULL,'A28','/users/dor/afsy/pst/.ocm/writerAsciiBulletinFB/datafiles/constants/ffdstns_update_stations_20130410_for_SPOOKI'
'XDF',75.0,290.0,0.0,1,'75N        70W',NULL,NULL,'A28','/users/dor/afsy/pst/.ocm/writerAsciiBulletinFB/datafiles/constants/ffdstns_update_stations_20130410_for_SPOOKI'
'XEE',70.0,220.0,0.0,1,'70N       140W',NULL,NULL,'A28','/users/dor/afsy/pst/.ocm/writerAsciiBulletinFB/datafiles/constants/ffdstns_update_stations_20130410_for_SPOOKI'
'XEF',70.0,230.0,0.003,1,'70N       130W',NULL,NULL,'A28','/users/dor/afsy/pst/.ocm/writerAsciiBulletinFB/datafiles/constants/ffdstns_update_stations_20130410_for_SPOOKI'
'XEH',70.0,240.0,0.0,1,'70N       120W',NULL,NULL,'A28','/users/dor/afsy/pst/.ocm/writerAsciiBulletinFB/datafiles/constants/ffdstns_update_stations_20130410_for_SPOOKI'
'XEJ',70.0,270.0,0.0,1,'70N        90W',NULL,NULL,'A28','/users/dor/afsy/pst/.ocm/writerAsciiBulletinFB/datafiles/constants/ffdstns_update_stations_20130410_for_SPOOKI'
'XEK',70.0,300.0,0.0,1,'70N        60W',NULL,NULL,'A28','/users/dor/afsy/pst/.ocm/writerAsciiBulletinFB/datafiles/constants/ffdstns_update_stations_20130410_for_SPOOKI'
'WOP',67.0,310.0,1.03,1,'67N        50W',NULL,NULL,'A28','/users/dor/afsy/pst/.ocm/writerAsciiBulletinFB/datafiles/constants/ffdstns_update_stations_20130410_for_SPOOKI'
'WZJ',81.1,289.7,4.268,1,'81N        70W',NULL,NULL,'A28','/users/dor/afsy/pst/.ocm/writerAsciiBulletinFB/datafiles/constants/ffdstns_update_stations_20130410_for_SPOOKI'
'WOM',58.0,300.0,0.0,1,'58N        60W',NULL,NULL,'A28','/users/dor/afsy/pst/.ocm/writerAsciiBulletinFB/datafiles/constants/ffdstns_update_stations_20130410_for_SPOOKI'
'WOX',59.0,310.0,0.0,1,'59N        50W',NULL,NULL,'A28','/users/dor/afsy/pst/.ocm/writerAsciiBulletinFB/datafiles/constants/ffdstns_update_stations_20130410_for_SPOOKI'
'WPV',67.0,300.0,0.0,1,'67N        60W',NULL,NULL,'A28','/users/dor/afsy/pst/.ocm/writerAsciiBulletinFB/datafiles/constants/ffdstns_update_stations_20130410_for_SPOOKI'
